ground_truth,image_name,bbox:x,bbox:y,bbox:w,bbox:h
animal,/example_images/labrador-pup.jpg,573.5,565.0,813.0,740.0
animal,/example_images/baby-red-fox.jpg,385.0,295.5,574.0,571.0
animal,/example_images/panda-cub.jpg,168.0,192.5,302.0,259.0
animal,/example_images/cheetah-baby.jpg,422.5,268.5,845.0,533.0
animal,/example_images/golden-pup.jpg,682.5,647.0,947.0,1052.0
animal,/example_images/german-shep-pup.jpg,591.0,633.5,896.0,1267.0
empty,/example_images/APL_Keyset_800x290.jpg
empty,/example_images/blank02.jpeg
empty,/example_images/blank01.jpeg
empty,/example_images/blank04.jpeg
empty,/example_images/blank03.jpg
empty,/example_images/blank05.jpeg
